date,week,rna_mean_faeces,ci_low_rna,ci_high_rna,level,lab
2022-01-04,2022-W01,12123.26,11278.56,13031.22,High level,external
2022-01-11,2022-W02,12113.35,11233.43,13062.19,High level,external
2022-01-18,2022-W03,19862.82,18510.57,21313.86,High level,external
2022-01-25,2022-W04,28646.97,27049.57,30338.72,High level,external
2022-02-01,2022-W05,31550.21,29983.1,33199.22,Very high level,external
2022-02-08,2022-W06,48853.97,46431.57,51402.75,Very high level,external
2022-02-15,2022-W07,38940.4,36999.25,40983.4,Very high level,external
2022-02-22,2022-W08,35749.43,33973.61,37618.07,Very high level,external
2022-03-01,2022-W09,26468.61,25006.09,28016.67,High level,external
2022-03-08,2022-W10,19380.62,18064.11,20793.08,High level,external
2022-03-15,2022-W11,16403.12,15368.99,17506.83,High level,external
2022-03-22,2022-W12,13474.51,12411.49,14628.57,High level,external
2022-03-29,2022-W13,8960.46,8265.96,9713.32,High level,external
2022-04-05,2022-W14,5383.24,5008.76,5785.71,Medium level,external
2022-04-12,2022-W15,6189.51,5647.62,6783.41,Medium level,external
2022-04-19,2022-W16,3864.95,3444.38,4336.86,Medium level,external
2022-04-26,2022-W17,2177.8,1952.86,2428.65,Medium level,external
2022-05-03,2022-W18,886.66,789.23,996.11,Low level,external
2022-05-10,2022-W19,665,579.46,763.15,Low level,external
2022-05-17,2022-W20,789.17,707.77,879.93,Low level,external
2022-05-24,2022-W21,703.63,623.33,794.27,Low level,external
2022-05-31,2022-W22,844.51,758.58,940.16,Low level,external
2022-06-07,2022-W23,861.59,751.85,987.35,Low level,external
2022-06-14,2022-W24,2104.56,1865.2,2374.62,Medium level,external
2022-06-21,2022-W25,3278.83,2970.46,3619.21,Medium level,external
2022-06-28,2022-W26,1654.76,1451.59,1886.35,Low level,external
2022-07-05,2022-W27,4295.19,3867.41,4770.28,Medium level,external
2022-07-12,2022-W28,5494.91,4859.84,6212.97,Medium level,external
2022-07-19,2022-W29,5100.89,4247.49,6125.77,Medium level,external
2022-07-26,2022-W30,4191,3739.13,4697.47,Medium level,external
2022-08-02,2022-W31,5012.95,4478.9,5610.67,Medium level,external
2022-08-09,2022-W32,5279.03,4580.97,6083.46,Medium level,external
2022-08-16,2022-W33,3557.26,3152.07,4014.54,Medium level,external
2022-08-23,2022-W34,3003.98,2635.53,3423.94,Medium level,external
2022-08-30,2022-W35,2185.26,1903.27,2509.04,Medium level,external
2022-09-06,2022-W36,2370.14,2072.63,2710.35,Medium level,external
2022-09-13,2022-W37,1946.78,1644.17,2305.08,Medium level,external
2022-09-20,2022-W38,2571.02,2227.99,2966.86,Medium level,external
2022-09-27,2022-W39,2910.75,2579.55,3284.49,Medium level,external
2022-10-04,2022-W40,5318.46,4776.21,5922.28,Medium level,external
2022-10-11,2022-W41,6146.41,5511.46,6854.51,Medium level,external
2022-10-18,2022-W42,5009.72,4456.49,5631.62,Medium level,external
2022-10-25,2022-W43,3684.16,3327.37,4079.22,Medium level,external
2022-11-01,2022-W44,2137.53,1905.72,2397.54,Medium level,external
2022-11-08,2022-W45,1881.64,1638.49,2160.86,Medium level,external
2022-11-15,2022-W46,1808.1,1547.12,2113.1,Low level,external
2022-11-22,2022-W47,2734.82,2399.59,3116.89,Medium level,external
2022-11-29,2022-W48,4134.47,3665.82,4663.03,Medium level,external
2022-12-06,2022-W49,9195.75,8278.14,10215.06,High level,external
2022-12-13,2022-W50,12283.69,10889.9,13855.86,High level,external
2022-12-20,2022-W51,11186.86,10113.05,12374.68,High level,external
2022-12-27,2022-W52,13819.55,12124.34,15751.78,High level,external
2023-01-03,2023-W01,4879.5,4294.67,5543.97,Medium level,external
2023-01-10,2023-W02,3631.51,3209.12,4109.5,Medium level,external
2023-01-17,2023-W03,1309.48,1121.16,1529.42,Low level,external
2023-01-24,2023-W04,1201.14,1036.73,1391.62,Low level,external
2023-01-31,2023-W05,1338.27,1157.07,1547.85,Low level,external
2023-02-07,2023-W06,1998.06,1581.15,2524.9,Medium level,external
2023-02-14,2023-W07,2042.97,1673.66,2493.77,Medium level,external
2023-02-21,2023-W08,1691.01,1316.62,2171.87,Low level,external
2023-02-28,2023-W09,2169.69,1708.14,2755.97,Medium level,external
2023-03-07,2023-W10,3472.72,2825.73,4267.86,Medium level,external
2023-03-14,2023-W11,3947.83,3148.72,4949.75,Medium level,external
2023-03-21,2023-W12,5738.39,4860.78,6774.45,Medium level,external
2023-03-28,2023-W13,4768.13,3967.63,5730.12,Medium level,external
2023-04-04,2023-W14,5495.75,4691.94,6437.26,Medium level,SSI
2023-04-11,2023-W15,7919.47,6810.37,9209.19,High level,SSI
2023-04-18,2023-W16,3897,3352.4,4530.07,Medium level,SSI
2023-04-25,2023-W17,4517.95,3955.35,5160.57,Medium level,SSI
2023-05-02,2023-W18,3926.55,3211.21,4801.23,Medium level,SSI
2023-05-09,2023-W19,2150.43,1846.3,2504.65,Medium level,SSI
2023-05-16,2023-W20,3131.01,2585.94,3790.97,Medium level,SSI
2023-05-23,2023-W21,1674.68,1384.38,2025.86,Low level,SSI
2023-05-30,2023-W22,1694.18,1405.97,2041.48,Low level,SSI
2023-06-06,2023-W23,559.18,431.38,724.84,Low level,SSI
2023-06-13,2023-W24,475.06,411.37,548.61,Low level,SSI
2023-06-20,2023-W25,216.76,184.83,254.22,Very low level,SSI
2023-06-27,2023-W26,141.35,115.55,172.9,Very low level,SSI
2023-07-04,2023-W27,177.24,146.92,213.82,Very low level,SSI
2023-07-11,2023-W28,219.26,181.13,265.41,Very low level,SSI
2023-07-18,2023-W29,305.23,254.03,366.76,Very low level,SSI
2023-07-25,2023-W30,558.56,469.15,665.01,Low level,SSI
2023-08-01,2023-W31,608.49,510.77,724.91,Low level,SSI
2023-08-08,2023-W32,1512.57,1304.22,1754.2,Low level,SSI
2023-08-15,2023-W33,1974.58,1726.51,2258.28,Medium level,SSI
2023-08-22,2023-W34,2727.11,2273.76,3270.86,Medium level,SSI
2023-08-29,2023-W35,1701.58,1467.09,1973.55,Low level,SSI
2023-09-05,2023-W36,3331.16,2933.75,3782.41,Medium level,SSI
2023-09-12,2023-W37,2414.45,2112.6,2759.43,Medium level,SSI
2023-09-19,2023-W38,3259.06,2595.66,4092.02,Medium level,SSI
2023-09-26,2023-W39,2654.45,2283.9,3085.12,Medium level,SSI
2023-10-03,2023-W40,4287.01,3674.26,5001.96,Medium level,SSI
2023-10-10,2023-W41,4055.45,3523.35,4667.92,Medium level,SSI
2023-10-17,2023-W42,8502.38,7383.59,9790.71,High level,SSI
2023-10-24,2023-W43,9943.43,8542.45,11574.17,High level,SSI
2023-10-31,2023-W44,13280.61,12050.97,14635.71,High level,SSI
2023-11-07,2023-W45,15691.05,13903.9,17707.92,High level,SSI
2023-11-14,2023-W46,14154.54,12615.58,15881.24,High level,SSI
2023-11-21,2023-W47,21211.33,19035.75,23635.55,High level,SSI
2023-11-28,2023-W48,30783.45,26732.36,35448.46,Very high level,SSI
2023-12-05,2023-W49,59716.09,52310.84,68169.65,Very high level,SSI
2023-12-12,2023-W50,54203.59,49093.43,59845.68,Very high level,SSI
2023-12-19,2023-W51,52467.15,47123.17,58417.16,Very high level,SSI
2023-12-26,2023-W52,33791.19,28277.5,40379.95,Very high level,SSI
2024-01-02,2024-W01,7034.8,5194.01,9527.97,Medium level,SSI
2024-01-09,2024-W02,5186.5,4573.6,5881.53,Medium level,SSI
2024-01-16,2024-W03,2831.11,2270.17,3530.66,Medium level,SSI
2024-01-23,2024-W04,1945.5,1673.78,2261.34,Medium level,SSI
2024-01-30,2024-W05,1507.28,1288.71,1762.91,Low level,SSI
2024-02-06,2024-W06,1167.81,1003.91,1358.46,Low level,SSI
2024-02-13,2024-W07,1066.28,881.66,1289.57,Low level,SSI
2024-02-20,2024-W08,659.22,556.58,780.77,Low level,SSI
2024-02-27,2024-W09,439.64,361.55,534.59,Very low level,SSI
2024-03-05,2024-W10,283.14,224.75,356.71,Very low level,SSI
2024-03-12,2024-W11,304.14,246.73,374.91,Very low level,SSI
2024-03-19,2024-W12,257.69,200.91,330.51,Very low level,SSI
2024-03-26,2024-W13,276.66,208.74,366.67,Very low level,SSI
2024-04-02,2024-W14,346.03,277.07,432.15,Very low level,SSI
2024-04-09,2024-W15,367.02,309.48,435.27,Very low level,SSI
2024-04-16,2024-W16,204.4,165.14,253,Very low level,SSI
2024-04-23,2024-W17,310.99,261.4,369.99,Very low level,SSI
2024-04-30,2024-W18,442.98,360.76,543.95,Very low level,SSI
2024-05-07,2024-W19,407.65,295.78,561.83,Very low level,SSI
2024-05-14,2024-W20,228.77,188.99,276.93,Very low level,SSI
2024-05-21,2024-W21,149,113.27,196,Very low level,SSI
2024-05-28,2024-W22,347.23,288.92,417.31,Very low level,SSI
2024-06-04,2024-W23,521.95,405.66,671.58,Low level,SSI
2024-06-11,2024-W24,630.31,524.88,756.93,Low level,SSI
2024-06-18,2024-W25,912.28,744.2,1118.31,Low level,SSI
2024-06-25,2024-W26,1101.71,895.94,1354.73,Low level,SSI
2024-07-02,2024-W27,1987.53,1656.4,2384.86,Medium level,SSI
2024-07-09,2024-W28,2996.24,2588.68,3467.97,Medium level,SSI
2024-07-16,2024-W29,2337.27,2055.26,2657.98,Medium level,SSI
2024-07-23,2024-W30,1962.27,1695.08,2271.57,Medium level,SSI
2024-07-30,2024-W31,1331.61,1162.01,1525.95,Low level,SSI
2024-08-06,2024-W32,1179.43,1001.28,1389.26,Low level,SSI
2024-08-13,2024-W33,949.24,780.42,1154.57,Low level,SSI
2024-08-20,2024-W34,1152.19,948.51,1399.61,Low level,SSI
2024-08-27,2024-W35,1809.88,1486.44,2203.71,Low level,SSI
2024-09-03,2024-W36,1990.34,1625.87,2436.52,Medium level,SSI
2024-09-10,2024-W37,1770.62,1456.34,2152.74,Low level,SSI
2024-09-17,2024-W38,1247.77,1032.79,1507.52,Low level,SSI
2024-09-24,2024-W39,1101.26,913,1328.34,Low level,SSI
2024-10-01,2024-W40,1165.05,961.68,1411.42,Low level,SSI
2024-10-08,2024-W41,1590.96,1334.75,1896.35,Low level,SSI
2024-10-15,2024-W42,1504.25,1308.58,1729.17,Low level,SSI
2024-10-22,2024-W43,1115.51,921.21,1350.79,Low level,SSI
2024-10-29,2024-W44,1005.71,850.97,1188.58,Low level,SSI
2024-11-05,2024-W45,910.67,753.59,1100.5,Low level,SSI
2024-11-12,2024-W46,1120.61,933.57,1345.13,Low level,SSI
2024-11-19,2024-W47,1098.79,935.58,1290.46,Low level,SSI
2024-11-26,2024-W48,1645.99,1402.58,1931.65,Low level,SSI
2024-12-03,2024-W49,1992.64,1720.56,2307.74,Medium level,SSI
2024-12-10,2024-W50,2179.95,1807.87,2628.61,Medium level,SSI
2024-12-17,2024-W51,3033.29,2728.8,3371.76,Medium level,SSI
2024-12-31,2025-W01,3145.96,2455.19,4031.08,Medium level,SSI
2025-01-07,2025-W02,1156.4,979.62,1365.1,Low level,SSI
2025-01-14,2025-W03,819.57,713.49,941.42,Low level,SSI
2025-01-21,2025-W04,410.25,338.36,497.43,Very low level,SSI
2025-01-28,2025-W05,597.52,516.14,691.72,Low level,SSI
2025-02-04,2025-W06,713.41,612.39,831.1,Low level,SSI
2025-02-11,2025-W07,705.42,559.57,889.3,Low level,SSI
2025-02-18,2025-W08,718.37,590.17,874.43,Low level,SSI
2025-02-25,2025-W09,510.76,417.27,625.21,Low level,SSI
2025-03-04,2025-W10,218.39,174.26,273.7,Very low level,SSI
2025-03-11,2025-W11,325.82,283.94,373.87,Very low level,SSI
2025-03-18,2025-W12,212.75,174.09,259.99,Very low level,SSI
2025-03-25,2025-W13,129.46,105.34,159.09,Very low level,SSI
2025-04-01,2025-W14,132.71,110.02,160.09,Very low level,SSI
2025-04-08,2025-W15,171.87,144.21,204.84,Very low level,SSI
2025-04-15,2025-W16,80.64,48.81,133.2,Very low level,SSI
2025-04-22,2025-W17,99.91,68.41,145.91,Very low level,SSI
2025-04-29,2025-W18,156.02,118.12,206.09,Very low level,SSI
2025-05-06,2025-W19,315.1,250.95,395.65,Very low level,SSI
2025-05-13,2025-W20,203.93,141.08,294.79,Very low level,SSI
2025-05-20,2025-W21,277.79,210.27,366.98,Very low level,SSI
2025-05-27,2025-W22,529.19,375.78,745.24,Low level,SSI
2025-06-03,2025-W23,387.04,289.66,517.15,Very low level,SSI
2025-06-10,2025-W24,395.55,306.21,510.97,Very low level,SSI
2025-06-17,2025-W25,310.38,227.48,423.5,Very low level,SSI
2025-06-24,2025-W26,497.2,397.51,621.89,Low level,SSI
2025-07-01,2025-W27,566.37,457.55,701.08,Low level,SSI
2025-07-08,2025-W28,1121.69,902.81,1393.64,Low level,SSI
2025-07-15,2025-W29,1263.94,1051.17,1519.78,Low level,SSI
2025-07-22,2025-W30,1555.25,1282.14,1886.54,Low level,SSI
2025-07-29,2025-W31,1364.76,1170.28,1591.56,Low level,SSI
2025-08-05,2025-W32,2341.08,2072.27,2644.75,Medium level,SSI
2025-08-12,2025-W33,2818.53,2191.56,3624.87,Medium level,SSI
2025-08-19,2025-W34,2542.98,2147.53,3011.26,Medium level,SSI
2025-08-26,2025-W35,1700.82,1369.43,2112.42,Low level,SSI
2025-09-02,2025-W36,3143.13,2576.76,3833.98,Medium level,SSI
2025-09-09,2025-W37,2580.17,2031.87,3276.42,Medium level,SSI
2025-09-16,2025-W38,4288.92,3538.79,5198.04,Medium level,SSI
2025-09-23,2025-W39,2894.42,2314.45,3619.73,Medium level,SSI
2025-09-30,2025-W40,1881.73,1500.66,2359.59,Medium level,SSI
2025-10-07,2025-W41,4090.01,3475.44,4813.25,Medium level,SSI
2025-10-14,2025-W42,1976.94,1615.95,2418.57,Medium level,SSI
2025-10-21,2025-W43,1314.85,969.09,1783.98,Low level,SSI
2025-10-28,2025-W44,2410.48,1929.44,3011.45,Medium level,SSI
2025-11-04,2025-W45,2345.96,1843.31,2985.67,Medium level,SSI
2025-11-11,2025-W46,1547.83,1101.82,2174.39,Low level,SSI
2025-11-18,2025-W47,1879.57,1409.44,2506.53,Medium level,SSI
2025-11-25,2025-W48,3348.11,2755.27,4068.5,Medium level,SSI
2025-12-02,2025-W49,3716.71,2805.74,4923.46,Medium level,SSI
2025-12-09,2025-W50,5768.39,4815.29,6910.14,Medium level,SSI
2025-12-16,2025-W51,4905.49,3781.98,6362.75,Medium level,SSI
2026-01-06,2026-W02,1341.85,1041.88,1728.2,Low level,SSI
2026-01-13,2026-W03,1867.82,1433.75,2433.3,Medium level,SSI
2026-01-20,2026-W04,1717.75,1298.05,2273.15,Low level,SSI
2026-01-27,2026-W05,2056.07,1562,2706.41,Medium level,SSI
2026-02-03,2026-W06,1289.08,937.39,1772.73,Low level,SSI
2026-02-10,2026-W07,643.28,432.96,955.77,Low level,SSI
2026-02-17,2026-W08,330.65,217.54,502.57,Very low level,SSI
2026-02-24,2026-W09,395.78,284.83,549.94,Very low level,SSI
2026-03-03,2026-W10,241.88,174.03,336.18,Very low level,SSI
2026-03-10,2026-W11,95.49,62.24,146.49,Very low level,SSI
2026-03-17,2026-W12,90.94,59.64,138.68,Very low level,SSI
2026-03-24,2026-W13,80.04,51.76,123.78,Very low level,SSI
2026-03-31,2026-W14,108.92,67.89,174.75,Very low level,SSI
2026-04-07,2026-W15,91.29,61.27,136.01,Very low level,SSI
2026-04-14,2026-W16,37.64,25.62,55.29,Very low level,SSI
2026-04-21,2026-W17,44.5,31.38,63.09,Very low level,SSI
2026-04-28,2026-W18,31.48,19.72,50.25,Very low level,SSI
2026-05-05,2026-W19,66.35,38.31,114.93,Very low level,SSI
2026-05-12,2026-W20,23.11,16.25,32.87,Very low level,SSI
2026-05-19,2026-W21,42.49,31.04,58.15,Very low level,SSI
2026-05-26,2026-W22,29.49,20.26,42.93,Very low level,SSI
2026-06-02,2026-W23,14.03,9.36,21.01,Very low level,SSI
2026-06-09,2026-W24,45.46,30.24,68.34,Very low level,SSI
2026-06-16,2026-W25,32.61,22.99,46.27,Very low level,SSI
2026-06-23,2026-W26,29.73,21.72,40.69,Very low level,SSI
2026-06-30,2026-W27,30.73,21.21,44.51,Very low level,SSI
2026-07-07,2026-W28,113.58,68.89,187.25,Very low level,SSI
2026-07-14,2026-W29,116.8,79.75,171.05,Very low level,SSI
2026-07-21,2026-W30,90.47,58.42,140.1,Very low level,SSI
2026-07-28,2026-W31,219.14,144.38,332.62,Very low level,SSI
2026-08-04,2026-W32,110.29,69.48,175.06,Very low level,SSI
2026-08-11,2026-W33,157.22,104.68,236.13,Very low level,SSI
2026-08-18,2026-W34,212.11,145.24,309.76,Very low level,SSI
2026-08-25,2026-W35,331.58,224.27,490.25,Very low level,SSI
2026-09-01,2026-W36,332.59,234.32,472.09,Very low level,SSI
2026-09-08,2026-W37,233.07,171.13,317.42,Very low level,SSI
2026-09-15,2026-W38,324.77,207.81,507.55,Very low level,SSI
